,Flash_T0.1,Flash_T1.0,Pro_T0.1,Pro_T1.0
Fidelity,4.762711864406779,4.813559322033898,4.694915254237288,4.6440677966101696
Relevance,4.898305084745763,4.898305084745763,4.830508474576271,4.830508474576271
Accuracy,4.864406779661017,4.830508474576271,4.728813559322034,4.728813559322034
Safety,4.593220338983051,4.677966101694915,4.796610169491525,4.711864406779661
Tone,4.203389830508475,4.220338983050848,4.305084745762712,4.305084745762712
Context,4.898305084745763,4.898305084745763,4.864406779661017,4.813559322033898
